{
    "loss": 0.2816923260688782,
    "accuracy": 0.935251772403717
}