{
    "loss": 11.767804145812988,
    "accuracy": 0.5467625856399536
}