{
    "loss": 1.9423373937606812,
    "accuracy": 0.8273381590843201
}