{
    "loss": 0.5257464051246643,
    "accuracy": 0.8848921060562134
}